{
  "Get User" : {
    "transaction" : "Get User",
    "sampleCount" : 20000,
    "errorCount" : 32,
    "errorPct" : 0.16,
    "meanResTime" : 4241.534199999998,
    "medianResTime" : 2051.0,
    "minResTime" : 240.0,
    "maxResTime" : 51817.0,
    "pct1ResTime" : 10778.800000000003,
    "pct2ResTime" : 20603.95,
    "pct3ResTime" : 28276.0,
    "throughput" : 167.58840288252054,
    "receivedKBytesPerSec" : 125.731628121334,
    "sentKBytesPerSec" : 23.69281045751634
  },
  "Get Products" : {
    "transaction" : "Get Products",
    "sampleCount" : 20000,
    "errorCount" : 109,
    "errorPct" : 0.545,
    "meanResTime" : 20617.66024999999,
    "medianResTime" : 10050.0,
    "minResTime" : 243.0,
    "maxResTime" : 141739.0,
    "pct1ResTime" : 61477.10000000001,
    "pct2ResTime" : 70663.90000000002,
    "pct3ResTime" : 79278.67000000006,
    "throughput" : 123.06707771070623,
    "receivedKBytesPerSec" : 666.6431108588235,
    "sentKBytesPerSec" : 17.69009921513971
  },
  "Get Carts" : {
    "transaction" : "Get Carts",
    "sampleCount" : 20000,
    "errorCount" : 22,
    "errorPct" : 0.11,
    "meanResTime" : 3025.5631499999995,
    "medianResTime" : 1953.0,
    "minResTime" : 241.0,
    "maxResTime" : 45299.0,
    "pct1ResTime" : 5997.9000000000015,
    "pct2ResTime" : 10505.900000000001,
    "pct3ResTime" : 22447.950000000008,
    "throughput" : 170.8992719691014,
    "receivedKBytesPerSec" : 58.86151444526096,
    "sentKBytesPerSec" : 24.17298437660218
  },
  "Total" : {
    "transaction" : "Total",
    "sampleCount" : 100000,
    "errorCount" : 205,
    "errorPct" : 0.205,
    "meanResTime" : 6760.154620000029,
    "medianResTime" : 2191.0,
    "minResTime" : 239.0,
    "maxResTime" : 141739.0,
    "pct1ResTime" : 3496.0,
    "pct2ResTime" : 3925.9500000000007,
    "pct3ResTime" : 27992.0,
    "throughput" : 611.5011129320255,
    "receivedKBytesPerSec" : 961.2357739998898,
    "sentKBytesPerSec" : 96.90956772795232
  },
  "Get Order" : {
    "transaction" : "Get Order",
    "sampleCount" : 20000,
    "errorCount" : 21,
    "errorPct" : 0.105,
    "meanResTime" : 2991.9376499999858,
    "medianResTime" : 2018.5,
    "minResTime" : 239.0,
    "maxResTime" : 40015.0,
    "pct1ResTime" : 5694.800000000003,
    "pct2ResTime" : 9751.700000000004,
    "pct3ResTime" : 22799.99,
    "throughput" : 172.4807037212712,
    "receivedKBytesPerSec" : 179.35593785035144,
    "sentKBytesPerSec" : 24.566153761157345
  },
  "Update Orders" : {
    "transaction" : "Update Orders",
    "sampleCount" : 20000,
    "errorCount" : 21,
    "errorPct" : 0.105,
    "meanResTime" : 2924.077849999987,
    "medianResTime" : 2041.0,
    "minResTime" : 239.0,
    "maxResTime" : 37562.0,
    "pct1ResTime" : 5579.9000000000015,
    "pct2ResTime" : 8890.0,
    "pct3ResTime" : 21588.900000000016,
    "throughput" : 178.97091722595079,
    "receivedKBytesPerSec" : 55.16027859340045,
    "sentKBytesPerSec" : 39.98174461689038
  }
}